epoch,loss,lr,val_loss
0,0.47392157902536186,0.0001,
1,0.3504069018299165,0.0001,
